"NumCountryKey","Alpha2CountryKey","Alpha3CountryKey","ThaiCountryName","EnglishCountryName"
"004","AF","AFG","อัฟกานิสถาน","Afghanistan"
"248","AX","ALA","หมู่เกาะโอลันด์","Åland Islands"
"008","AL","ALB","แอลเบเนีย","Albania"
"012","DZ","DZA","แอลจีเรีย","Algeria"
"016","AS","ASM","อเมริกันซามัว","American Samoa"
"020","AD","AND","อันดอร์รา","Andorra"
"024","AO","AGO","แองโกลา","Angola"
"660","AI","AIA","แองกวิลลา","Anguilla"
"028","AG","ATG","แอนติกาและบาร์บูดา","Antigua and Barbuda"
"032","AR","ARG","อาร์เจนตินา","Argentina"
"051","AM","ARM","อาร์เมเนีย","Armenia"
"533","AW","ABW","อารูบา","Aruba"
"036","AU","AUS","ออสเตรเลีย","Australia"
"040","AT","AUT","ออสเตรีย","Austria"
"031","AZ","AZE","อาเซอร์ไบจาน","Azerbaijan"
"044","BS","BHS","บาฮามาส","Bahamas"
"048","BH","BHR","บาห์เรน","Bahrain"
"050","BD","BGD","บังกลาเทศ","Bangladesh"
"052","BB","BRB","บาร์เบโดส","Barbados"
"112","BY","BLR","เบลารุส","Belarus"
"056","BE","BEL","เบลเยียม","Belgium"
"084","BZ","BLZ","เบลีซ","Belize"
"204","BJ","BEN","เบนิน","Benin"
"060","BM","BMU","เบอร์มิวดา","Bermuda"
"064","BT","BTN","ภูฏาน","Bhutan"
"068","BO","BOL","โบลิเวีย (รัฐพหุชนชาติ)","Bolivia (Plurinational State of)"
"535","BQ","BES","โบแนเรอ ซินต์เอสตา- ชียึส และซาบา","Bonaire, Sint Eustatius and Saba"
"070","BA","BIH","บอสเนียและและเฮอร์เซโกวีนา","Bosnia and Herzegovina"
"072","BW","BWA","บอตสวานา","Botswana"
"076","BR","BRA","บราซิล","Brazil"
"092","VG","VGB","หมู่เกาะบริติชเวอรจิน","British Virgin Islands"
"096","BN","BRN","บรูไนดารุสซาลาม","Brunei Darussalam"
"100","BG","BGR","บัลแกเรีย","Bulgaria"
"854","BF","BFA","บูร์กินาฟาโซ","Burkina Faso"
"108","BI","BDI","บุรุนดี","Burundi"
"132","CV","CPV","กาบูเวร์ดี","Cabo Verde"
"116","KH","KHM","กัมพูชา","Cambodia"
"120","CM","CMR","แคเมอรูน","Cameroon"
"124","CA","CAN","แคนาดา","Canada"
"136","KY","CYM","หมู่เกาะเคย์แมน","Cayman Islands"
"140","CF","CAF","สาธารณรัฐแอฟริกากลาง","Central African Republic"
"148","TD","TCD","ชาด","Chad"
"152","CL","CHL","ชิลี","Chile"
"156","CN","CHN","จีน","China"
"344","HK","HKG","ฮ่องกง","Hong Kong"
"446","MO","MAC","มาเก๊า","Macao"
"170","CO","COL","โคลอมเบีย","Colombia"
"174","KM","COM","คอโมโรส","Comoros"
"178","CG","COG","คองโก","Congo"
"184","CK","COK","หมู่เกาะคุก","Cook Islands"
"188","CR","CRI","คอสตาริกา","Costa Rica"
"384","CI","CIV","โกตดิวัวร์","Cote d'Ivoire"
"191","HR","HRV","โครเอเชีย","Croatia"
"192","CU","CUB","คิวบา","Cuba"
"531","CW","CUW","กือราเซา","Curacao"
"196","CY","CYP","ไซปรัส","Cyprus"
"203","CZ","CZE","เช็ก","Czechia"
"408","KP","PRK","สาธารณรัฐประชาธิปไตยประชาชนเกาหลี (เกาหลีเหนือ)","Democratic People's Republic of Korea (North Korea)"
"180","CD","COD","สาธารณรัฐประชาธิปไตยคองโก","Democratic Republic of the Congo"
"208","DK","DNK","เดนมาร์ก","Denmark"
"262","DJ","DJI","จิบูตี","Djibouti"
"212","DM","DMA","โดมินิกา","Dominica"
"214","DO","DOM","สาธารณรัฐโดมินิกัน","Dominican Republic"
"218","EC","ECU","เอกวาดอร์","Ecuador"
"818","EG","EGY","อียิปต์","Egypt"
"222","SV","SLV","เอลซัลวาดอร์","El Salvador"
"226","GQ","GNQ","อิเควทอเรียลกินี","Equatorial Guinea"
"232","ER","ERI","เอริเทรีย","Eritrea"
"233","EE","EST","เอสโตเนีย","Estonia"
"231","ET","ETH","เอธิโอเปีย","Ethiopia"
"234","FO","FRO","หมู่เกาะแฟโร","Faroe Islands"
"238","FK","FLK","หมู่เกาะฟอล์กแลนด์ (มัลวินัส)","Falkland Islands (Malvinas)"
"242","FJ","FJI","ฟิจิ","Fiji"
"246","FI","FIN","ฟินแลนด์","Finland"
"250","FR","FRA","ฝรั่งเศส","France"
"254","GF","GUF","เฟรนช์เกียนา","French Guiana"
"258","PF","PYF","เฟรนช์โปลินีเซีย","French Polynesia"
"266","GA","GAB","กาบอง","Gabon"
"270","GM","GMB","แกมเบีย","Gambia"
"268","GE","GEO","จอร์เจีย","Georgia"
"276","DE","DEU","เยอรมนี","Germany"
"288","GH","GHA","กานา","Ghana"
"292","GI","GIB","ยิบรอลตาร์","Gibraltar"
"300","GR","GRC","กรีซ","Greece"
"304","GL","GRL","กรีนแลนด์","Greenland"
"308","GD","GRD","เกรเนดา","Grenada"
"312","GP","GLP","กวาเดอลูป","Guadeloupe"
"316","GU","GUM","กวม","Guam"
"320","GT","GTM","กัวเตมาลา","Guatemala"
"831","GG","GGY","เกิร์นซีย์","Guernsey"
"324","GN","GIN","กินี","Guinea"
"624","GW","GNB","กินี-บิสเซา","Guinea-Bissau"
"328","GY","GUY","กายอานา","Guyana"
"332","HT","HTI","เฮติ","Haiti"
"336","VA","VAT","นครรัฐวาติกัน","Holy See"
"340","HN","HND","ฮอนดูรัส","Honduras"
"348","HU","HUN","ฮังการี","Hungary"
"352","IS","ISL","ไอซ์แลนด์","Iceland"
"356","IN","IND","อินเดีย","India"
"360","ID","IDN","อินโดนีเซีย","Indonesia"
"364","IR","IRN","อิหร่าน (สาธารณรัฐอิสลาม)","Iran (Islamic Republic of)"
"368","IQ","IRQ","อิรัก","Iraq"
"372","IE","IRL","ไอร์แลนด์","Ireland"
"833","IM","IMN","เกาะแมน","Isle of Man"
"376","IL","ISR","อิสราเอล","Israel"
"380","IT","ITA","อิตาลี","Italy"
"388","JM","JAM","จาเมกา","Jamaica"
"392","JP","JPN","ญี่ปุ่น","Japan"
"832","JE","JEY","เจอร์ซีย์","Jersey"
"400","JO","JOR","จอร์แดน","Jordan"
"398","KZ","KAZ","คาซัคสถาน","Kazakhstan"
"404","KE","KEN","เคนยา","Kenya"
"296","KI","KIR","คิริบาตี","Kiribati"
"414","KW","KWT","คูเวต","Kuwait"
"417","KG","KGZ","คีร์กีซสถาน","Kyrgyzstan"
"418","LA","LAO","สาธารณรัฐประชาธิปไตยประชาชนลาว","Lao People's Democratic Republic"
"428","LV","LVA","ลัตเวีย","Latvia"
"422","LB","LBN","เลบานอน","Lebanon"
"426","LS","LSO","เลโซโท","Lesotho"
"430","LR","LBR","ไลบีเรีย","Liberia"
"434","LY","LBY","ลิเบีย","Libya"
"438","LI","LIE","ลิกเตนสไตน์","Liechtenstein"
"440","LT","LTU","ลิทัวเนีย","Lithuania"
"442","LU","LUX","ลักเซมเบิร์ก","Luxembourg"
"807","MK","MKD","มาซิโดเนีย","Macedonia"
"450","MG","MDG","มาดากัสการ์","Madagascar"
"454","MW","MWI","มาลาวี","Malawi"
"458","MY","MYS","มาเลเซีย","Malaysia"
"462","MV","MDV","มัลดีฟส์","Maldives"
"466","ML","MLI","มาลี","Mali"
"470","MT","MLT","มอลตา","Malta"
"584","MH","MHL","หมู่เกาะมาร์แชลล์","Marshall Islands"
"474","MQ","MTQ","มาร์ตินีก","Martinique"
"478","MR","MRT","มอริเตเนีย","Mauritania"
"480","MU","MUS","มอริเชียส","Mauritius"
"175","YT","MYT","มายอต","Mayotte"
"484","MX","MEX","เม็กซิโก","Mexico"
"583","FM","FSM","ไมโครนีเซีย (สหพันธรัฐ)","Micronesia (Federated States of)"
"492","MC","MCO","โมนาโก","Monaco"
"496","MN","MNG","มองโกเลีย","Mongolia"
"499","ME","MNE","มอนเตเนโกร","Montenegro"
"500","MS","MSR","มอนต์เซอร์รัต","Montserrat"
"504","MA","MAR","โมร็อกโก","Morocco"
"508","MZ","MOZ","โมซัมบิก","Mozambique"
"104","MM","MMR","พม่า, เมียนมา","Myanmar"
"516","NA","NAM","นามิเบีย","Namibia"
"520","NR","NRU","นาอูรู","Nauru"
"524","NP","NPL","เนปาล","Nepal"
"528","NL","NLD","เนเธอร์แลนด์","Netherlands"
"540","NC","NCL","นิวแคลิโดเนีย","New Caledonia"
"554","NZ","NZL","นิวซีแลนด์","New Zealand"
"558","NI","NIC","นิการากัว","Nicaragua"
"562","NE","NER","ไนเจอร์","Niger"
"566","NG","NGA","ไนจีเรีย","Nigeria"
"570","NU","NIU","นีอูเอ","Niue"
"574","NF","NFK","เกาะนอร์ฟอล์ก","Norfolk Island"
"580","MP","MNP","หมู่เกาะนอร์เทิร์นมาเรียนา","Northern Mariana"
"578","NO","NOR","นอร์เวย์","Norway"
"512","OM","OMN","โอมาน","Oman"
"586","PK","PAK","ปากีสถาน","Pakistan"
"585","PW","PLW","ปาเลา","Palau"
"591","PA","PAN","ปานามา","Panama"
"598","PG","PNG","ปาปัวนิวกินี","Papua New Guinea"
"600","PY","PRY","ปารากวัย","Paraguay"
"604","PE","PER","เปรู","Peru"
"608","PH","PHL","ฟิลิปปินส์","Philippines"
"612","PN","PCN","หมู่เกาะพิตแคร์น","Pitcairn (Pitcairn Islands)"
"616","PL","POL","โปแลนด์","Poland"
"620","PT","PRT","โปรตุเกส","Portugal"
"630","PR","PRI","เปอร์โตริโก","Puerto Rico"
"634","QA","QAT","กาตาร์","Qatar"
"410","KR","KOR","สาธารณรัฐเกาหลี (เกาหลีใต้)","Republic of Korea (South Korea)"
"498","MD","MDA","สาธารณรัฐมอลโดวา","Republic of Moldova"
"638","RE","REU","เรอูนียง","Reunion"
"642","RO","ROU","โรมาเนีย","Romania"
"643","RU","RUS","สหพันธรัฐรัสเซีย","Russian Federation"
"646","RW","RWA","รวันดา","Rwanda"
"652","BL","BLM","แซ็ง-บาร์เตเลมี","Saint-Barthelemy"
"654","SH","SHN","เซนต์เฮเลนา","Saint Helena"
"659","KN","KNA","เซนต์คิตส์และเนวิส","Saint Kitts and Nevis"
"662","LC","LCA","เซนต์ลูเซีย","Saint Lucia"
"663","MF","MAF","แซ็ง-มาร์แต็ง (ส่วนของฝรั่งเศส)","Saint Martin (French part)"
"666","PM","SPM","แซงปีแยร์และมีเกอลง","Saint Pierre and Miquelon"
"670","VC","VCT","เซนต์วินเซนต์และเกรนาดีนส์","Saint Vincent and the Grenadines"
"882","WS","WSM","ซามัว","Samoa"
"674","SM","SMR","ซานมารีโน","San Marino"
"678","ST","STP","เซาตูเมและปรินซิปี","Sao Tome and Principe"
"680","CQ","SCQ","ซาร์ค","Sark"
"682","SA","SAU","ซาอุดีอาระเบีย","Saudi Arabia"
"686","SN","SEN","เซเนกัล","Senegal"
"688","RS","SRB","เซอร์เบีย","Serbia"
"690","SC","SYC","เซเชลส์","Seychelles"
"694","SL","SLE","เซียร์ราลีโอน","Sierra Leone"
"702","SG","SGP","สิงคโปร์","Singapore"
"534","SX","SXM","ซินต์มาร์เติน (ส่วนของเนเธอร์แลนด์)","Sint Maarten (Dutch part)"
"703","SK","SVK","สโลวะเกีย","Slovakia"
"705","SI","SVN","สโลวีเนีย","Slovenia"
"090","SB","SLB","หมู่เกาะโซโลมอน","Solomon Islands"
"706","SO","SOM","โซมาเลีย","Somalia"
"710","ZA","ZAF","แอฟริกาใต้","South Africa"
"728","SS","SSD","เซาท์ซูดาน","South Sudan"
"724","ES","ESP","สเปน","Spain"
"144","LK","LKA","ศรีลังกา","Sri Lanka"
"275","PS","PSE","รัฐปาเลสไตน์","State of Palestine"
"729","SD","SDN","ซูดาน","Sudan"
"740","SR","SUR","ซูรินาเม","Suriname"
"744","SJ","SJM","หมู่เกาะสฟาลบาร์และยานไมเอน","Svalbard and Jan Mayen Islands"
"748","SZ","SWZ","สวาซิแลนด์","Swaziland"
"752","SE","SWE","สวีเดน","Sweden"
"756","CH","CHE","สวิตเซอร์แลนด์","Switzerland"
"760","SY","SYR","สาธารณรัฐอาหรับซีเรีย","Syrian Arab Republic"
"762","TJ","TJK","ทาจิกิสถาน","Tajikistan"
"764","TH","THA","ไทย","Thailand"
"626","TL","TLS","ติมอร์-เลสเต","Timor-Leste"
"768","TG","TGO","โตโก","Togo"
"772","TK","TKL","โตเกเลา","Tokelau"
"776","TO","TON","ตองกา","Tonga"
"780","TT","TTO","ตรินิแดดและโตเบโก","Trinidad and Tobago"
"788","TN","TUN","ตูนิเซีย","Tunisia"
"792","TR","TUR","ตุรกี","Turkey"
"795","TM","TKM","เติร์กเมนิสถาน","Turkmenistan"
"796","TC","TCA","หมู่เกาะเติกส์และเคคอส","Turks and Caicos Islands"
"798","TV","TUV","ตูวาลู","Tuvalu"
"800","UG","UGA","ยูกันดา","Uganda"
"804","UA","UKR","ยูเครน","Ukraine"
"784","AE","ARE","สหรัฐอาหรับเอมิเรตส์","United Arab Emirates"
"826","GB","GBR","สหราชอาณาจักร บริเตนใหญ่ และไอร์แลนด์เหนือ","United Kingdom of Great Briatin and Northern Ireland"
"834","TZ","TZA","สหสาธารณรัฐแทนซาเนีย","United Republic of Tanzania"
"840","US","USA","สหรัฐอเมริกา","United States of America"
"850","VI","VIR","หมู่เกาะเวอร์จินของสหรัฐอเมริกา","United States Virgin Islands"
"858","UY","URY","อุรุกวัย","Uruguay"
"860","UZ","UZB","อุซเบกิสถาน","Uzbekistan"
"548","VU","VUT","วานูอาตู","Vanuatu"
"862","VE","VEN","เวเนซุเอลา (สาธารณรัฐโบลีวาร์)","Venezuela (Bolivarian Republic of)"
"704","VN","VNM","เวียดนาม","Viet Nam"
"876","WF","WLF","หมู่เกาะวาลลิสและหมู่เกาะฟตูนา","Wallis and Futuna Islands"
"732","EH","ESH","เวสเทิร์นซาฮารา","Western Sahara"
"887","YE","YEM","เยเมน","Yemen"
"894","ZM","ZMB","แซมเบีย","Zambia"
"716","ZW","ZWE","ซิมบับเว","Zimbabwe"
"038","CS","FRY","ยูโกสลาเวีย (เซอร์เบียและมอนเตเนโกร)","Yugoslavia (Serbia and Montenegro)"
"383","XK","XKX","คอซอวอ","Kosovo"
"886","TW","TWN","สาธารณรัฐจีน (ไต้หวัน)","Republic of China (Taiwan)"
